row	entry_id	domain	primary	categories	sitemap_urls
1	3d-marutto-art	3d.marutto.art	inspiration	inspiration	46
2	9to5google-com-2020-08-10-oneplus-android-11-samsung-one-ui	9to5google.com	inspiration	inspiration	50000
3	a-fresh-website	a-fresh.website	inspiration	inspiration	3711
4	a11yproject-com	a11yproject.com	inspiration	inspiration	108
5	abtest-design	abtest.design	inspiration	inspiration	60
6	admiretheweb-com	admiretheweb.com	inspiration	inspiration	4117
7	www-andrewsam-xyz	andrewsam.xyz	inspiration	inspiration	4
8	appshot-gallery	appshot.gallery	inspiration	inspiration	1463
9	appshots-design	appshots.design	inspiration	inspiration	603
10	bestwebsite-gallery	bestwebsite.gallery	inspiration	inspiration	5723
11	birobirobiro-dev	birobirobiro.dev	inspiration	inspiration	10
12	brandguidelines-net	brandguidelines.net	inspiration	inspiration	9
13	browsingmode-com	browsingmode.com	inspiration	inspiration	13
14	builtbydesigners-com	builtbydesigners.com	inspiration	inspiration	150
15	contra-com-payment-link-4anc9dq8-cyclorama-inside-out-gallery	contra.com	inspiration	inspiration	50000
16	cyclorama-framer-ai	cyclorama.framer.ai	inspiration	inspiration	2
17	dailybranding-xyz	dailybranding.xyz	inspiration	inspiration	188
18	dark-design	dark.design	inspiration	inspiration	3
19	darkmodedesign-com	darkmodedesign.com	inspiration	inspiration	389
20	designfuel-com-websites	designfuel.com	inspiration	inspiration	216
21	discuss-streamlit-io-t-streamlit-component-gallery-refresh-120721	discuss.streamlit.io	inspiration	inspiration	22578
22	dribbble-com	dribbble.com	inspiration	inspiration	50000
23	foliobin-com	foliobin.com	inspiration	inspiration	1178
24	freebiesui-com	freebiesui.com	inspiration	inspiration	6095
25	freefaces-gallery	freefaces.gallery	inspiration	inspiration,fonts	94
26	goodux-appcues-com	goodux.appcues.com	inspiration	inspiration	411
27	gridddy-framer-website	gridddy.framer.website	inspiration	inspiration	45
28	h1gallery-com	h1gallery.com	inspiration	inspiration	243
29	interfaceingame-com	interfaceingame.com	inspiration	inspiration	17893
30	landingfolio-com	landingfolio.com	inspiration	inspiration	456
31	landings-dev	landings.dev	inspiration	inspiration	574
32	lapa-ninja	lapa.ninja	inspiration	inspiration	11069
33	mindsparklemag-com	mindsparklemag.com	inspiration	inspiration	9307
34	minimal-gallery	minimal.gallery	inspiration	inspiration	3434
35	netbird-io	netbird.io	inspiration	inspiration	181
36	ogimage-gallery	ogimage.gallery	inspiration	inspiration	880
37	pafolios-com	pafolios.com	inspiration	inspiration	851
38	pageflows-com	pageflows.com	inspiration	inspiration	10768
39	picocam-app	picocam.app	inspiration	inspiration	8
40	practicedesign-io	practicedesign.io	inspiration	inspiration	1
41	purelanding-page	purelanding.page	inspiration	inspiration	5323
42	raindrop-io	raindrop.io	inspiration	inspiration	40
43	rebrand-gallery	rebrand.gallery	inspiration	inspiration	1069
44	recent-design	recent.design	inspiration	inspiration	1125
45	red-website-design-co-uk-how-to-design-landing-pages-that-capture-attent	red-website-design.co.uk	inspiration	inspiration	6676
46	refactoring-guru	refactoring.guru	inspiration	inspiration	2805
47	rotor-framer-website-full	rotor.framer.website	inspiration	inspiration	3
48	saaslandingpage-com	saaslandingpage.com	inspiration	inspiration	1429
49	save-design	save.design	inspiration	inspiration	2274
50	scrolltide-co	scrolltide.co	inspiration	inspiration	49
51	seesaw-website	seesaw.website	inspiration	inspiration	1762
52	ship-studio	ship.studio	inspiration	inspiration	35
53	www-shubhporwal-me	shubhporwal.me	inspiration	inspiration	1
54	swajp-me	swajp.me	inspiration	inspiration	3
55	systemdesign-one	systemdesign.one	inspiration	inspiration	35
56	uidesigndaily-com	uidesigndaily.com	inspiration	inspiration	21
57	underconsideration-com-brandnew	underconsideration.com	inspiration	inspiration	375
58	webdesign-inspiration-com	webdesign-inspiration.com	inspiration	inspiration	4636
59	webpo-space	webpo.space	inspiration	inspiration	896
60	win11-oimmi-com	win11.oimmi.com	inspiration	inspiration	2
61	graygrids-com	graygrids.com	layout	layout	260
62	pro-ui-layouts-com	pro.ui-layouts.com	layout	layout	51
63	3dicons-co	3dicons.co	icons	icons	221
64	aitable-ai	aitable.ai	icons	icons	1108
65	blog-streamlinehq-com-tag-icons	blog.streamlinehq.com	icons	icons	124
66	boxicons-com	boxicons.com	icons	icons	2006
67	css-gg	css.gg	icons	icons	2129
68	designeng-tools	designeng.tools	icons	icons	306
69	dynamiclake-com	dynamiclake.com	icons	icons	48
70	favicon-io	favicon.io	icons	icons	1833
71	getrescript-com	getrescript.com	icons	icons	21
72	hugeicons-com	hugeicons.com	icons	icons	43
73	icon-museum	icon.museum	icons	icons	251
74	iconify-design	iconify.design	icons	icons	375
75	iconifyai-com	iconifyai.com	icons	icons	4
76	iconoir-com	iconoir.com	icons	icons	13
77	icons-getbootstrap-com	icons.getbootstrap.com	icons	icons	2081
78	icoon-co	icoon.co	icons	icons	1552
79	ionic-io-ionicons	ionic.io	icons	icons	2313
80	katu-com-news-nation-world-stars-entertainers-pay-tribute-to-dolly-parto	katu.com	icons	icons	500
81	minoradventures-co-blog-the-making-of-cursors-icons	minoradventures.co	icons	icons	4
82	nucleoapp-com	nucleoapp.com	icons	icons	146
83	simpleicons-org	simpleicons.org	icons	icons	3
84	tabler-io-icons	tabler.io	icons	icons	79
85	thiings-co	thiings.co	icons	icons	10491
86	ui-resources-com	ui-resources.com	icons	icons	8
87	uipedia-design	uipedia.design	icons	icons	117
88	bestfreefonts-com	bestfreefonts.com	fonts	fonts	220
89	collletttivo-it	collletttivo.it	fonts	fonts	66
90	dejiajetomobi-com	dejiajetomobi.com	fonts	fonts	11
91	follow-art	follow.art	fonts	fonts	1187
92	font-thmanyah-com	font.thmanyah.com	fonts	fonts	1
93	fontesk-com-lc-mogi-font	fontesk.com	fonts	fonts	13688
94	fontpair-co	fontpair.co	fonts	fonts	1896
95	fonts-google-com	fonts.google.com	fonts	fonts	2244
96	fontsquirrel-com	fontsquirrel.com	fonts	fonts	2102
97	furniqo-framer-website	furniqo.framer.website	fonts	fonts	40
98	logggos-club	logggos.club	fonts	fonts	1096
99	pierrickcalvez-com-journal-a-five-minute-guide-to-better-typography	pierrickcalvez.com	fonts	fonts	106
100	rectangles-fm	rectangles.fm	fonts	fonts	2
101	theleagueofmoveabletype-com	theleagueofmoveabletype.com	fonts	fonts	35
102	typescale-com	typescale.com	fonts	fonts	7
103	typewolf-com	typewolf.com	fonts	fonts	1247
104	uncut-wtf	uncut.wtf	fonts	fonts	165
105	whatfontis-com	whatfontis.com	fonts	fonts	50000
106	yashbanka-com-marko	yashbanka.com	fonts	fonts	280
107	youworkforthem-com-fonts	youworkforthem.com	fonts	fonts	4469
108	aiselfie-studio	aiselfie.studio	color-effects	color-effects	155
109	apple-summary-slides-vercel-app	apple-summary-slides.vercel.app	color-effects	color-effects	35
110	brandbird-app	brandbird.app	color-effects	color-effects	538
111	chrisgregori-dev	chrisgregori.dev	color-effects	color-effects	25
112	color-name-com	color-name.com	color-effects	color-effects	12698
113	color-adobe-com	color.adobe.com	color-effects	color-effects	112
114	colordesigner-io-color-palette-builder	colordesigner.io	color-effects	color-effects	31327
115	colorhunt-co	colorhunt.co	color-effects	color-effects	53
116	coolors-co	coolors.co	color-effects	color-effects	50000
117	csscursors-colorion-co	csscursors.colorion.co	color-effects	color-effects	1
118	cssgradient-io	cssgradient.io	color-effects	color-effects	22
119	frontendmentor-io	frontendmentor.io	color-effects	color-effects	299
120	gradientora-com	gradientora.com	color-effects	color-effects	1138
121	gradients-fm	gradients.fm	color-effects	color-effects	36
122	grainient-supply	grainient.supply	color-effects	color-effects	1564
123	inspolanding-design	inspolanding.design	color-effects	color-effects	479
124	learnify-shefali-dev	learnify.shefali.dev	color-effects	color-effects	197
125	mycolor-space	mycolor.space	color-effects	color-effects	2
126	shadesigner-com	shadesigner.com	color-effects	color-effects	1
127	supa-palette-com	supa-palette.com	color-effects	color-effects	2
128	supermotion-co	supermotion.co	color-effects	color-effects	87
129	toggles-colorion-co	toggles.colorion.co	color-effects	color-effects	1
130	ui-jln-dev	ui.jln.dev	color-effects	color-effects	16309
131	uicolors-app	uicolors.app	color-effects	color-effects	28
132	viewstats-com	viewstats.com	color-effects	color-effects	50000
133	webzooo-com	webzooo.com	color-effects	color-effects	4730
134	ai-interaction-com	ai-interaction.com	design-rules	design-rules	79
135	designmd-ai	designmd.ai	design-rules	design-rules	3
136	designmd-sh	designmd.sh	design-rules	design-rules	53
137	getdesign-md	getdesign.md	design-rules	design-rules	764
138	m3-material-io	m3.material.io	design-rules	design-rules	375
139	shapeof-ai	shapeof.ai	design-rules	design-rules	71
140	skills-sh	skills.sh	design-rules	design-rules	38232
141	stateofaidesign-com	stateofaidesign.com	design-rules	design-rules	7
142	styles-refero-design	styles.refero.design	design-rules	design-rules	1394
143	weekend-company-get-design-md	weekend.company	design-rules	design-rules	2
144	dialectcn-xyz	dialectcn.xyz	design-tools	design-tools	82
145	globe-graph-vercel-app	globe-graph.vercel.app	design-tools	design-tools	14
146	img2m3-vercel-app-studio	img2m3.vercel.app	design-tools	design-tools	11
147	keyzen-theshiva-xyz	keyzen.theshiva.xyz	design-tools	design-tools	4
148	marketplace-visualstudio-com-items-itemname-dexxiez-shadcn-color-preview	marketplace.visualstudio.com	design-tools	design-tools	23445
149	www-raycast-com-luisfilipept-shadcn-ui	raycast.com	design-tools	design-tools	98
150	shadcnpreset-com	shadcnpreset.com	design-tools	design-tools	92
151	spline-design	spline.design	design-tools	design-tools	78
152	tancn-dev	tancn.dev	design-tools	design-tools	6
153	ui-indie-starter-dev-form-builder	ui.indie-starter.dev	design-tools	design-tools	23
154	www-uifonts-app	uifonts.app	design-tools	design-tools	3
