entry_id	domain	curated	categories	unreadable
404s-design	404s.design	curated	sections	
60fps-design	60fps.design	curated	components,motion	
aicss-dev	aicss.dev	curated	components	
aura-build	aura.build	curated	design-rules,components	
browser-use-com	browser-use.com	curated	dev-ai-tools,motion	
coss-com	coss.com	curated	components,dev-ai-tools	unreadable
cta-gallery	cta.gallery	curated	sections	unreadable
designmd-me	designmd.me	curated	components,design-rules	
dock-cool	dock.cool	curated	dev-ai-tools,components	
footer-design	footer.design	curated	sections	
hover-dev	hover.dev	curated	components,motion	unreadable
isreadyforlaunch-com	isreadyforlaunch.com	curated	dev-ai-tools,motion	unreadable
kinetics-colorion-co	kinetics.colorion.co	curated	components,motion	unreadable
logobook-com	logobook.com	curated	inspiration,motion	unreadable
motionsites-ai	motionsites.ai	curated	motion	
navbar-gallery	navbar.gallery	curated	sections	
neuform-ai	neuform.ai	curated	design-rules,components	unreadable
open-design-ai	open-design.ai	curated	design-rules,components	
opensourceui-in	opensourceui.in	curated	components	
originkit-dev	originkit.dev	curated	components	unreadable
reactvibe-com	reactvibe.com	curated	components,motion	unreadable
screen-movie	screen.movie	curated	dev-ai-tools,motion	unreadable
shadcnadmin-com	shadcnadmin.com	curated	templates	unreadable
sleek-design	sleek.design	curated	inspiration,motion	
supaste-com	supaste.com	curated	dev-ai-tools,components	unreadable
superset-sh	superset.sh	curated	dev-ai-tools,components	
sv-particles-vercel-app	sv-particles.vercel.app	curated	components	unreadable
text-effects-colorion-co	text-effects.colorion.co	curated	motion,color-effects	unreadable
toolcraft-sh	toolcraft.sh	curated	components	unreadable
transitions-dev	transitions.dev	curated	components,motion	unreadable
ui-skills-com	ui-skills.com	curated	components,design-rules	
vibeprompts-dev	vibeprompts.dev	curated	components,dev-ai-tools	unreadable
daisyui-com	daisyui.com		components	
navbar-design	navbar.design		sections	unreadable
sectionmaster-com	sectionmaster.com		color-effects (miscategorised: it is a section gallery)	
supahero-io	supahero.io	curated	sections,components	unreadable (probe found no sitemap; try robots.txt)
